{
  "exp_name": "exp4_mixed_to_dfd",
  "model_name": "efficientnet_b4",
  "primary_level": "video",
  "aggregation": "mean",
  "tta_n": 5,
  "ablation": "no_label_smoothing",
  "face_level": {
    "auc": 0.7459597319519651,
    "accuracy": 0.682622894465452,
    "f1": 0.601575142949617,
    "eer": 0.3207263268768058
  },
  "video_level": {
    "auc": 0.7902070063694269,
    "accuracy": 0.6908517350157729,
    "f1": 0.6016260162601627,
    "eer": 0.29328224522292995
  },
  "video_level_ci95": {
    "auc": {
      "mean": 0.7898799777030945,
      "ci95_low": 0.7555604577064514,
      "ci95_high": 0.8219932317733765
    },
    "accuracy": {
      "mean": 0.6901750564575195,
      "ci95_low": 0.6545741558074951,
      "ci95_high": 0.7255520224571228
    },
    "f1": {
      "mean": 0.5997593402862549,
      "ci95_low": 0.5450819730758667,
      "ci95_high": 0.6462942957878113
    },
    "eer": {
      "mean": 0.2816453278064728,
      "ci95_low": 0.24295054376125336,
      "ci95_high": 0.32176294922828674
    }
  },
  "n_faces": 11636,
  "n_videos": 634,
  "auc": 0.7902070063694269,
  "accuracy": 0.6908517350157729,
  "f1": 0.6016260162601627,
  "eer": 0.29328224522292995
}