{
  "exp_name": "exp4_mixed_to_dfd",
  "model_name": "efficientnet_b4",
  "primary_level": "video",
  "aggregation": "median",
  "tta_n": 5,
  "ablation": "agg_median",
  "face_level": {
    "auc": 0.7433975281074637,
    "accuracy": 0.6789274664833276,
    "f1": 0.5985385772619816,
    "eer": 0.322537657800279
  },
  "video_level": {
    "auc": 0.7885151273885349,
    "accuracy": 0.6971608832807571,
    "f1": 0.6144578313253012,
    "eer": 0.27759753184713376
  },
  "video_level_ci95": {
    "auc": {
      "mean": 0.7882155776023865,
      "ci95_low": 0.7549291849136353,
      "ci95_high": 0.8204063177108765
    },
    "accuracy": {
      "mean": 0.6966671943664551,
      "ci95_low": 0.6608833074569702,
      "ci95_high": 0.7302839159965515
    },
    "f1": {
      "mean": 0.6128924489021301,
      "ci95_low": 0.5616053342819214,
      "ci95_high": 0.6593990921974182
    },
    "eer": {
      "mean": 0.279336541891098,
      "ci95_low": 0.24284878373146057,
      "ci95_high": 0.315455824136734
    }
  },
  "n_faces": 11636,
  "n_videos": 634,
  "auc": 0.7885151273885349,
  "accuracy": 0.6971608832807571,
  "f1": 0.6144578313253012,
  "eer": 0.27759753184713376
}