{
  "exp_name": "exp2_ffpp_to_celebdf",
  "model_name": "efficientnet_b4",
  "primary_level": "video",
  "aggregation": "mean",
  "tta_n": 5,
  "ablation": "full",
  "face_level": {
    "auc": 0.7104014349264423,
    "accuracy": 0.6385846672283066,
    "f1": 0.6089334548769371,
    "eer": 0.3545488831212026
  },
  "video_level": {
    "auc": 0.7133333333333334,
    "accuracy": 0.6589147286821705,
    "f1": 0.6333333333333333,
    "eer": 0.32407407407407407
  },
  "video_level_ci95": {
    "auc": {
      "mean": 0.713707685470581,
      "ci95_low": 0.6291458010673523,
      "ci95_high": 0.7974318861961365
    },
    "accuracy": {
      "mean": 0.6591860055923462,
      "ci95_low": 0.5736433863639832,
      "ci95_high": 0.7441860437393188
    },
    "f1": {
      "mean": 0.6317330598831177,
      "ci95_low": 0.5253949165344238,
      "ci95_high": 0.7287486791610718
    },
    "eer": {
      "mean": 0.33842167258262634,
      "ci95_low": 0.25021669268608093,
      "ci95_high": 0.42581015825271606
    }
  },
  "n_faces": 1187,
  "n_videos": 129,
  "auc": 0.7133333333333334,
  "accuracy": 0.6589147286821705,
  "f1": 0.6333333333333333,
  "eer": 0.32407407407407407
}