{
  "exp_name": "exp2_ffpp_to_celebdf",
  "model_name": "efficientnet_b4",
  "ablation": "full",
  "clean": {
    "auc": 0.6896296296296297,
    "accuracy": 0.6821705426356589,
    "f1": 0.672,
    "eer": 0.31740740740740736
  },
  "corruptions": {
    "jpeg": {
      "label": "JPEG quality",
      "severities": {
        "90": {
          "auc": 0.6839506172839507,
          "accuracy": 0.6744186046511628,
          "f1": 0.6666666666666666,
          "eer": 0.32666666666666666
        },
        "70": {
          "auc": 0.6995061728395061,
          "accuracy": 0.6666666666666666,
          "f1": 0.6126126126126126,
          "eer": 0.34259259259259256
        },
        "50": {
          "auc": 0.6696296296296297,
          "accuracy": 0.6201550387596899,
          "f1": 0.4948453608247423,
          "eer": 0.32666666666666666
        },
        "30": {
          "auc": 0.6395061728395062,
          "accuracy": 0.6201550387596899,
          "f1": 0.46153846153846156,
          "eer": 0.3718518518518519
        },
        "10": {
          "auc": 0.6780246913580247,
          "accuracy": 0.627906976744186,
          "f1": 0.4146341463414634,
          "eer": 0.38111111111111107
        }
      }
    },
    "blur": {
      "label": "Gaussian blur (sigma)",
      "severities": {
        "0.5": {
          "auc": 0.6916049382716049,
          "accuracy": 0.689922480620155,
          "f1": 0.6825396825396826,
          "eer": 0.31740740740740736
        },
        "1.0": {
          "auc": 0.6617283950617284,
          "accuracy": 0.5968992248062015,
          "f1": 0.6338028169014085,
          "eer": 0.3718518518518519
        },
        "2.0": {
          "auc": 0.577283950617284,
          "accuracy": 0.4728682170542636,
          "f1": 0.5903614457831325,
          "eer": 0.41962962962962963
        },
        "3.0": {
          "auc": 0.56,
          "accuracy": 0.4186046511627907,
          "f1": 0.5714285714285714,
          "eer": 0.40370370370370373
        }
      }
    },
    "noise": {
      "label": "Gaussian noise (sigma)",
      "severities": {
        "5": {
          "auc": 0.6461728395061729,
          "accuracy": 0.5348837209302325,
          "f1": 0.6153846153846154,
          "eer": 0.3785185185185185
        },
        "10": {
          "auc": 0.6807407407407408,
          "accuracy": 0.5736434108527132,
          "f1": 0.6153846153846154,
          "eer": 0.4103703703703704
        },
        "20": {
          "auc": 0.46493827160493817,
          "accuracy": 0.5736434108527132,
          "f1": 0.3037974683544304,
          "eer": 0.5485185185185185
        },
        "40": {
          "auc": 0.5180246913580248,
          "accuracy": 0.5426356589147286,
          "f1": 0.4485981308411215,
          "eer": 0.4581481481481481
        }
      }
    },
    "downscale": {
      "label": "Downscale factor",
      "severities": {
        "0.75": {
          "auc": 0.6743209876543211,
          "accuracy": 0.6124031007751938,
          "f1": 0.6428571428571429,
          "eer": 0.34
        },
        "0.5": {
          "auc": 0.6654320987654321,
          "accuracy": 0.5736434108527132,
          "f1": 0.6258503401360545,
          "eer": 0.3785185185185185
        },
        "0.25": {
          "auc": 0.5881481481481482,
          "accuracy": 0.43410852713178294,
          "f1": 0.562874251497006,
          "eer": 0.4355555555555556
        }
      }
    }
  }
}