{
  "exp_name": "exp3_celebdf_to_ffpp",
  "model_name": "efficientnet_b4",
  "primary_level": "video",
  "aggregation": "max",
  "tta_n": 5,
  "ablation": "agg_max",
  "face_level": {
    "auc": 0.5061344049749875,
    "accuracy": 0.509652330910606,
    "f1": 0.31901761604731904,
    "eer": 0.49229150490630424
  },
  "video_level": {
    "auc": 0.4915498827015681,
    "accuracy": 0.49398556535685645,
    "f1": 0.5457163426925846,
    "eer": 0.505212834917891
  },
  "video_level_ci95": {
    "auc": {
      "mean": 0.492017924785614,
      "ci95_low": 0.46015384793281555,
      "ci95_high": 0.5248523950576782
    },
    "accuracy": {
      "mean": 0.49394306540489197,
      "ci95_low": 0.4651162922382355,
      "ci95_high": 0.5228548645973206
    },
    "f1": {
      "mean": 0.5456334352493286,
      "ci95_low": 0.5147305727005005,
      "ci95_high": 0.5756800770759583
    },
    "eer": {
      "mean": 0.5076027512550354,
      "ci95_low": 0.4795527160167694,
      "ci95_high": 0.5356755256652832
    }
  },
  "n_faces": 21601,
  "n_videos": 1247,
  "auc": 0.4915498827015681,
  "accuracy": 0.49398556535685645,
  "f1": 0.5457163426925846,
  "eer": 0.505212834917891
}