{
  "exp_name": "exp3_celebdf_to_ffpp",
  "model_name": "convnext_tiny",
  "primary_level": "video",
  "aggregation": "mean",
  "tta_n": 5,
  "ablation": "full",
  "face_level": {
    "auc": 0.5501674819637679,
    "accuracy": 0.5321049951391139,
    "f1": 0.0947604120017913,
    "eer": 0.4662770633974703
  },
  "video_level": {
    "auc": 0.5761963925587521,
    "accuracy": 0.5228548516439455,
    "f1": 0.0943683409436834,
    "eer": 0.44907807548256984
  },
  "video_level_ci95": {
    "auc": {
      "mean": 0.5756838321685791,
      "ci95_low": 0.5430848002433777,
      "ci95_high": 0.6087257862091064
    },
    "accuracy": {
      "mean": 0.5229053497314453,
      "ci95_low": 0.49639132618904114,
      "ci95_high": 0.5485164523124695
    },
    "f1": {
      "mean": 0.09408331662416458,
      "ci95_low": 0.06308604776859283,
      "ci95_high": 0.12540726363658905
    },
    "eer": {
      "mean": 0.4490918815135956,
      "ci95_low": 0.4217744469642639,
      "ci95_high": 0.47790807485580444
    }
  },
  "n_faces": 21601,
  "n_videos": 1247,
  "auc": 0.5761963925587521,
  "accuracy": 0.5228548516439455,
  "f1": 0.0943683409436834,
  "eer": 0.44907807548256984
}