{
  "exp_name": "exp1_ffpp_to_ffpp",
  "model_name": "efficientnet_b4",
  "primary_level": "video",
  "aggregation": "mean",
  "tta_n": 1,
  "ablation": "no_tta",
  "face_level": {
    "auc": 0.8587523667871286,
    "accuracy": 0.7597678916827852,
    "f1": 0.7112970711297071,
    "eer": 0.22707340163776862
  },
  "video_level": {
    "auc": 0.889855072463768,
    "accuracy": 0.8120805369127517,
    "f1": 0.7666666666666667,
    "eer": 0.20144927536231885
  },
  "video_level_ci95": {
    "auc": {
      "mean": 0.8900708556175232,
      "ci95_low": 0.8372933864593506,
      "ci95_high": 0.9387173652648926
    },
    "accuracy": {
      "mean": 0.8120604157447815,
      "ci95_low": 0.7516778707504272,
      "ci95_high": 0.8724831938743591
    },
    "f1": {
      "mean": 0.7650039196014404,
      "ci95_low": 0.6736738085746765,
      "ci95_high": 0.8468756675720215
    },
    "eer": {
      "mean": 0.20950117707252502,
      "ci95_low": 0.141425222158432,
      "ci95_high": 0.2757723033428192
    }
  },
  "n_faces": 2585,
  "n_videos": 149,
  "auc": 0.889855072463768,
  "accuracy": 0.8120805369127517,
  "f1": 0.7666666666666667,
  "eer": 0.20144927536231885
}