{
  "exp_name": "exp2_ffpp_to_celebdf",
  "model_name": "convnext_tiny",
  "primary_level": "video",
  "aggregation": "mean",
  "tta_n": 5,
  "ablation": "full",
  "face_level": {
    "auc": 0.8024288624525602,
    "accuracy": 0.7716933445661331,
    "f1": 0.7150368033648791,
    "eer": 0.24762280915359536
  },
  "video_level": {
    "auc": 0.8056790123456791,
    "accuracy": 0.7674418604651163,
    "f1": 0.7272727272727273,
    "eer": 0.24037037037037035
  },
  "video_level_ci95": {
    "auc": {
      "mean": 0.8050071597099304,
      "ci95_low": 0.7184239625930786,
      "ci95_high": 0.8809203505516052
    },
    "accuracy": {
      "mean": 0.764968991279602,
      "ci95_low": 0.6899224519729614,
      "ci95_high": 0.8372092843055725
    },
    "f1": {
      "mean": 0.7238242626190186,
      "ci95_low": 0.6170163154602051,
      "ci95_high": 0.8166847825050354
    },
    "eer": {
      "mean": 0.23521047830581665,
      "ci95_low": 0.15533092617988586,
      "ci95_high": 0.31884562969207764
    }
  },
  "n_faces": 1187,
  "n_videos": 129,
  "auc": 0.8056790123456791,
  "accuracy": 0.7674418604651163,
  "f1": 0.7272727272727273,
  "eer": 0.24037037037037035
}