{
  "exp_name": "exp1_ffpp_to_ffpp",
  "model_name": "efficientnet_b4",
  "primary_level": "video",
  "aggregation": "topk",
  "tta_n": 5,
  "ablation": "agg_topk",
  "face_level": {
    "auc": 0.8756544707047019,
    "accuracy": 0.7705996131528047,
    "f1": 0.7182897862232779,
    "eer": 0.2096730109376802
  },
  "video_level": {
    "auc": 0.8831521739130435,
    "accuracy": 0.7986577181208053,
    "f1": 0.7857142857142857,
    "eer": 0.19519927536231885
  },
  "video_level_ci95": {
    "auc": {
      "mean": 0.883421778678894,
      "ci95_low": 0.828650951385498,
      "ci95_high": 0.931711733341217
    },
    "accuracy": {
      "mean": 0.7981610894203186,
      "ci95_low": 0.7315436005592346,
      "ci95_high": 0.8590604066848755
    },
    "f1": {
      "mean": 0.7841706871986389,
      "ci95_low": 0.7039781212806702,
      "ci95_high": 0.8507462739944458
    },
    "eer": {
      "mean": 0.20976758003234863,
      "ci95_low": 0.14746376872062683,
      "ci95_high": 0.28005608916282654
    }
  },
  "n_faces": 2585,
  "n_videos": 149,
  "auc": 0.8831521739130435,
  "accuracy": 0.7986577181208053,
  "f1": 0.7857142857142857,
  "eer": 0.19519927536231885
}