{
  "exp_name": "exp2_ffpp_to_celebdf",
  "model_name": "xception",
  "primary_level": "video",
  "aggregation": "mean",
  "tta_n": 5,
  "ablation": "full",
  "face_level": {
    "auc": 0.5436298412434445,
    "accuracy": 0.4945240101095198,
    "f1": 0.53125,
    "eer": 0.48327799918038145
  },
  "video_level": {
    "auc": 0.5733333333333334,
    "accuracy": 0.5348837209302325,
    "f1": 0.5522388059701493,
    "eer": 0.4422222222222222
  },
  "video_level_ci95": {
    "auc": {
      "mean": 0.5704801678657532,
      "ci95_low": 0.46853360533714294,
      "ci95_high": 0.6693540811538696
    },
    "accuracy": {
      "mean": 0.5333643555641174,
      "ci95_low": 0.44961240887641907,
      "ci95_high": 0.6201550364494324
    },
    "f1": {
      "mean": 0.5494033098220825,
      "ci95_low": 0.4409448802471161,
      "ci95_high": 0.6518598794937134
    },
    "eer": {
      "mean": 0.45954570174217224,
      "ci95_low": 0.37217193841934204,
      "ci95_high": 0.5580772757530212
    }
  },
  "n_faces": 1187,
  "n_videos": 129,
  "auc": 0.5733333333333334,
  "accuracy": 0.5348837209302325,
  "f1": 0.5522388059701493,
  "eer": 0.4422222222222222
}