{
  "exp_name": "exp1_ffpp_to_ffpp",
  "model_name": "convnext_tiny",
  "primary_level": "video",
  "aggregation": "mean",
  "tta_n": 5,
  "ablation": "full",
  "face_level": {
    "auc": 0.9533241345007881,
    "accuracy": 0.8804642166344294,
    "f1": 0.8589685075308079,
    "eer": 0.10134264109415247
  },
  "video_level": {
    "auc": 0.9572463768115942,
    "accuracy": 0.8859060402684564,
    "f1": 0.8661417322834646,
    "eer": 0.08722826086956524
  },
  "video_level_ci95": {
    "auc": {
      "mean": 0.9579252600669861,
      "ci95_low": 0.9197739362716675,
      "ci95_high": 0.9862227439880371
    },
    "accuracy": {
      "mean": 0.8854832649230957,
      "ci95_low": 0.8322147727012634,
      "ci95_high": 0.9328858852386475
    },
    "f1": {
      "mean": 0.8647364377975464,
      "ci95_low": 0.7962868213653564,
      "ci95_high": 0.9264705777168274
    },
    "eer": {
      "mean": 0.0886407420039177,
      "ci95_low": 0.040313124656677246,
      "ci95_high": 0.14120188355445862
    }
  },
  "n_faces": 2585,
  "n_videos": 149,
  "auc": 0.9572463768115942,
  "accuracy": 0.8859060402684564,
  "f1": 0.8661417322834646,
  "eer": 0.08722826086956524
}