{
  "exp_name": "exp4_mixed_to_dfd",
  "model_name": "efficientnet_b4",
  "primary_level": "video",
  "aggregation": "topk",
  "tta_n": 5,
  "ablation": "agg_topk",
  "face_level": {
    "auc": 0.7430425624666286,
    "accuracy": 0.6764352011000344,
    "f1": 0.5955526909442475,
    "eer": 0.3237357815101993
  },
  "video_level": {
    "auc": 0.774502388535032,
    "accuracy": 0.7034700315457413,
    "f1": 0.7168674698795181,
    "eer": 0.285499601910828
  },
  "video_level_ci95": {
    "auc": {
      "mean": 0.7743065357208252,
      "ci95_low": 0.739776074886322,
      "ci95_high": 0.8087923526763916
    },
    "accuracy": {
      "mean": 0.7036041021347046,
      "ci95_low": 0.6687697172164917,
      "ci95_high": 0.738170325756073
    },
    "f1": {
      "mean": 0.7165445685386658,
      "ci95_low": 0.6801840662956238,
      "ci95_high": 0.7532866597175598
    },
    "eer": {
      "mean": 0.28595709800720215,
      "ci95_low": 0.25078868865966797,
      "ci95_high": 0.3232722580432892
    }
  },
  "n_faces": 11636,
  "n_videos": 634,
  "auc": 0.774502388535032,
  "accuracy": 0.7034700315457413,
  "f1": 0.7168674698795181,
  "eer": 0.285499601910828
}