{
  "exp_name": "exp1_ffpp_to_ffpp",
  "model_name": "efficientnet_b4",
  "primary_level": "video",
  "aggregation": "mean",
  "tta_n": 5,
  "ablation": "no_progressive_unfreeze",
  "face_level": {
    "auc": 0.9171273091192188,
    "accuracy": 0.8549323017408124,
    "f1": 0.8384317104696252,
    "eer": 0.15628424032140248
  },
  "video_level": {
    "auc": 0.9273550724637681,
    "accuracy": 0.8859060402684564,
    "f1": 0.8682170542635659,
    "eer": 0.17346014492753625
  },
  "video_level_ci95": {
    "auc": {
      "mean": 0.9279992580413818,
      "ci95_low": 0.8787342309951782,
      "ci95_high": 0.9675793647766113
    },
    "accuracy": {
      "mean": 0.8855167627334595,
      "ci95_low": 0.8322147727012634,
      "ci95_high": 0.9328858852386475
    },
    "f1": {
      "mean": 0.8670099973678589,
      "ci95_low": 0.7999275326728821,
      "ci95_high": 0.9242424368858337
    },
    "eer": {
      "mean": 0.15223485231399536,
      "ci95_low": 0.08023896813392639,
      "ci95_high": 0.22157807648181915
    }
  },
  "n_faces": 2585,
  "n_videos": 149,
  "auc": 0.9273550724637681,
  "accuracy": 0.8859060402684564,
  "f1": 0.8682170542635659,
  "eer": 0.17346014492753625
}