{
  "exp_name": "exp1_ffpp_to_ffpp",
  "model_name": "xception",
  "primary_level": "video",
  "aggregation": "mean",
  "tta_n": 5,
  "ablation": "full",
  "face_level": {
    "auc": 0.7026345224135941,
    "accuracy": 0.6429400386847195,
    "f1": 0.6445899114362726,
    "eer": 0.35823906231978775
  },
  "video_level": {
    "auc": 0.7355072463768116,
    "accuracy": 0.6711409395973155,
    "f1": 0.6797385620915033,
    "eer": 0.3219202898550725
  },
  "video_level_ci95": {
    "auc": {
      "mean": 0.7341045141220093,
      "ci95_low": 0.6485502123832703,
      "ci95_high": 0.8102376461029053
    },
    "accuracy": {
      "mean": 0.6697114109992981,
      "ci95_low": 0.5906040072441101,
      "ci95_high": 0.7384228110313416
    },
    "f1": {
      "mean": 0.6771952509880066,
      "ci95_low": 0.5839263796806335,
      "ci95_high": 0.7597765326499939
    },
    "eer": {
      "mean": 0.32789647579193115,
      "ci95_low": 0.2548905611038208,
      "ci95_high": 0.4026879668235779
    }
  },
  "n_faces": 2585,
  "n_videos": 149,
  "auc": 0.7355072463768116,
  "accuracy": 0.6711409395973155,
  "f1": 0.6797385620915033,
  "eer": 0.3219202898550725
}