{
  "exp_name": "exp3_celebdf_to_ffpp",
  "model_name": "efficientnet_b4",
  "primary_level": "video",
  "aggregation": "mean",
  "tta_n": 5,
  "ablation": "no_label_smoothing",
  "face_level": {
    "auc": 0.5060946955776126,
    "accuracy": 0.5086801536965881,
    "f1": 0.3002571372057757,
    "eer": 0.48960712562684366
  },
  "video_level": {
    "auc": 0.5052424167592706,
    "accuracy": 0.4987971130713713,
    "f1": 0.27578215527230593,
    "eer": 0.4875704819525044
  },
  "video_level_ci95": {
    "auc": {
      "mean": 0.50538170337677,
      "ci95_low": 0.47267967462539673,
      "ci95_high": 0.5367370247840881
    },
    "accuracy": {
      "mean": 0.4987963140010834,
      "ci95_low": 0.4723336100578308,
      "ci95_high": 0.5244787335395813
    },
    "f1": {
      "mean": 0.27581948041915894,
      "ci95_low": 0.2386787086725235,
      "ci95_high": 0.3135223984718323
    },
    "eer": {
      "mean": 0.4884527623653412,
      "ci95_low": 0.45788559317588806,
      "ci95_high": 0.5172210335731506
    }
  },
  "n_faces": 21601,
  "n_videos": 1247,
  "auc": 0.5052424167592706,
  "accuracy": 0.4987971130713713,
  "f1": 0.27578215527230593,
  "eer": 0.4875704819525044
}