{
  "exp_name": "exp3_celebdf_to_ffpp",
  "model_name": "efficientnet_b4",
  "primary_level": "video",
  "aggregation": "mean",
  "tta_n": 1,
  "ablation": "no_tta",
  "face_level": {
    "auc": 0.5052662149050455,
    "accuracy": 0.5102541549002361,
    "f1": 0.36701968527493567,
    "eer": 0.4961780080290952
  },
  "video_level": {
    "auc": 0.5080951352018768,
    "accuracy": 0.5004009623095429,
    "f1": 0.32356134636264927,
    "eer": 0.4979948656212701
  },
  "video_level_ci95": {
    "auc": {
      "mean": 0.5083187818527222,
      "ci95_low": 0.47588592767715454,
      "ci95_high": 0.5396332144737244
    },
    "accuracy": {
      "mean": 0.5002509951591492,
      "ci95_low": 0.473937451839447,
      "ci95_high": 0.526062548160553
    },
    "f1": {
      "mean": 0.32365724444389343,
      "ci95_low": 0.2857142984867096,
      "ci95_high": 0.3626776933670044
    },
    "eer": {
      "mean": 0.49775800108909607,
      "ci95_low": 0.46988916397094727,
      "ci95_high": 0.5260610580444336
    }
  },
  "n_faces": 21601,
  "n_videos": 1247,
  "auc": 0.5080951352018768,
  "accuracy": 0.5004009623095429,
  "f1": 0.32356134636264927,
  "eer": 0.4979948656212701
}