{
  "exp_name": "exp2_ffpp_to_celebdf",
  "model_name": "efficientnet_b4",
  "primary_level": "video",
  "aggregation": "topk",
  "tta_n": 5,
  "ablation": "agg_topk",
  "face_level": {
    "auc": 0.710664247406026,
    "accuracy": 0.6436394271272114,
    "f1": 0.6122823098075161,
    "eer": 0.35598470045316594
  },
  "video_level": {
    "auc": 0.6765432098765433,
    "accuracy": 0.5891472868217055,
    "f1": 0.6131386861313869,
    "eer": 0.3559259259259259
  },
  "video_level_ci95": {
    "auc": {
      "mean": 0.6754512786865234,
      "ci95_low": 0.5835688710212708,
      "ci95_high": 0.7630659341812134
    },
    "accuracy": {
      "mean": 0.58861243724823,
      "ci95_low": 0.5116279125213623,
      "ci95_high": 0.6666666865348816
    },
    "f1": {
      "mean": 0.6108627915382385,
      "ci95_low": 0.5081840753555298,
      "ci95_high": 0.7013338208198547
    },
    "eer": {
      "mean": 0.36559271812438965,
      "ci95_low": 0.27888816595077515,
      "ci95_high": 0.45010414719581604
    }
  },
  "n_faces": 1187,
  "n_videos": 129,
  "auc": 0.6765432098765433,
  "accuracy": 0.5891472868217055,
  "f1": 0.6131386861313869,
  "eer": 0.3559259259259259
}