{
  "exp_name": "exp4_mixed_to_dfd",
  "model_name": "vit_base_patch16_224",
  "primary_level": "video",
  "aggregation": "mean",
  "tta_n": 5,
  "ablation": "full",
  "face_level": {
    "auc": 0.6838198670851208,
    "accuracy": 0.6415434857339292,
    "f1": 0.5882933570229987,
    "eer": 0.3692007247987046
  },
  "video_level": {
    "auc": 0.7130871815286624,
    "accuracy": 0.6498422712933754,
    "f1": 0.6021505376344086,
    "eer": 0.3375398089171975
  },
  "video_level_ci95": {
    "auc": {
      "mean": 0.7117658853530884,
      "ci95_low": 0.6709560751914978,
      "ci95_high": 0.7524547576904297
    },
    "accuracy": {
      "mean": 0.648744523525238,
      "ci95_low": 0.613564670085907,
      "ci95_high": 0.6845425963401794
    },
    "f1": {
      "mean": 0.6002979874610901,
      "ci95_low": 0.5506665110588074,
      "ci95_high": 0.64615797996521
    },
    "eer": {
      "mean": 0.341220885515213,
      "ci95_low": 0.3044143617153168,
      "ci95_high": 0.38010174036026
    }
  },
  "n_faces": 11636,
  "n_videos": 634,
  "auc": 0.7130871815286624,
  "accuracy": 0.6498422712933754,
  "f1": 0.6021505376344086,
  "eer": 0.3375398089171975
}