{
  "exp_name": "exp3_celebdf_to_ffpp",
  "model_name": "efficientnet_b4",
  "primary_level": "video",
  "aggregation": "median",
  "tta_n": 5,
  "ablation": "agg_median",
  "face_level": {
    "auc": 0.5061214658614892,
    "accuracy": 0.5092819776862182,
    "f1": 0.3172742496457555,
    "eer": 0.4905335352744251
  },
  "video_level": {
    "auc": 0.5064912849322962,
    "accuracy": 0.5012028869286287,
    "f1": 0.29157175398633256,
    "eer": 0.48917433222208506
  },
  "video_level_ci95": {
    "auc": {
      "mean": 0.5066462755203247,
      "ci95_low": 0.4745650291442871,
      "ci95_high": 0.537061870098114
    },
    "accuracy": {
      "mean": 0.5012549757957458,
      "ci95_low": 0.473937451839447,
      "ci95_high": 0.5268644690513611
    },
    "f1": {
      "mean": 0.29187607765197754,
      "ci95_low": 0.2537785768508911,
      "ci95_high": 0.3304051458835602
    },
    "eer": {
      "mean": 0.4904806315898895,
      "ci95_low": 0.4619068503379822,
      "ci95_high": 0.518826425075531
    }
  },
  "n_faces": 21601,
  "n_videos": 1247,
  "auc": 0.5064912849322962,
  "accuracy": 0.5012028869286287,
  "f1": 0.29157175398633256,
  "eer": 0.48917433222208506
}