{
  "exp_name": "exp2_ffpp_to_celebdf",
  "model_name": "efficientnet_b4",
  "primary_level": "video",
  "aggregation": "mean",
  "tta_n": 1,
  "ablation": "no_tta",
  "face_level": {
    "auc": 0.7160036467087563,
    "accuracy": 0.6486941870261163,
    "f1": 0.6364428945074107,
    "eer": 0.33696717368192863
  },
  "video_level": {
    "auc": 0.6902469135802469,
    "accuracy": 0.6821705426356589,
    "f1": 0.672,
    "eer": 0.31740740740740736
  },
  "video_level_ci95": {
    "auc": {
      "mean": 0.6899619698524475,
      "ci95_low": 0.5934041738510132,
      "ci95_high": 0.7835619449615479
    },
    "accuracy": {
      "mean": 0.6828991770744324,
      "ci95_low": 0.604651153087616,
      "ci95_high": 0.7674418687820435
    },
    "f1": {
      "mean": 0.6705269813537598,
      "ci95_low": 0.571370542049408,
      "ci95_high": 0.7652275562286377
    },
    "eer": {
      "mean": 0.3224308490753174,
      "ci95_low": 0.23390211164951324,
      "ci95_high": 0.404681921005249
    }
  },
  "n_faces": 1187,
  "n_videos": 129,
  "auc": 0.6902469135802469,
  "accuracy": 0.6821705426356589,
  "f1": 0.672,
  "eer": 0.31740740740740736
}