{
  "exp_name": "exp2_ffpp_to_celebdf",
  "model_name": "efficientnet_b4",
  "primary_level": "video",
  "aggregation": "mean",
  "tta_n": 5,
  "ablation": "no_label_smoothing",
  "face_level": {
    "auc": 0.71278753467046,
    "accuracy": 0.6352148272957034,
    "f1": 0.613047363717605,
    "eer": 0.35807383694341666
  },
  "video_level": {
    "auc": 0.7083950617283951,
    "accuracy": 0.6589147286821705,
    "f1": 0.6451612903225806,
    "eer": 0.31740740740740736
  },
  "video_level_ci95": {
    "auc": {
      "mean": 0.7085404396057129,
      "ci95_low": 0.6220455765724182,
      "ci95_high": 0.7949733138084412
    },
    "accuracy": {
      "mean": 0.6596821546554565,
      "ci95_low": 0.5736433863639832,
      "ci95_high": 0.7441860437393188
    },
    "f1": {
      "mean": 0.6439415216445923,
      "ci95_low": 0.5420292615890503,
      "ci95_high": 0.7407536506652832
    },
    "eer": {
      "mean": 0.32650622725486755,
      "ci95_low": 0.24086257815361023,
      "ci95_high": 0.4110105633735657
    }
  },
  "n_faces": 1187,
  "n_videos": 129,
  "auc": 0.7083950617283951,
  "accuracy": 0.6589147286821705,
  "f1": 0.6451612903225806,
  "eer": 0.31740740740740736
}