{
  "exp_name": "exp3_celebdf_to_ffpp",
  "model_name": "xception",
  "primary_level": "video",
  "aggregation": "mean",
  "tta_n": 5,
  "ablation": "full",
  "face_level": {
    "auc": 0.5466087411246987,
    "accuracy": 0.5071524466459886,
    "f1": 0.25646039949713645,
    "eer": 0.45692474335394895
  },
  "video_level": {
    "auc": 0.5425335432357904,
    "accuracy": 0.4843624699278268,
    "f1": 0.23178016726403824,
    "eer": 0.4554921903938758
  },
  "video_level_ci95": {
    "auc": {
      "mean": 0.5422996878623962,
      "ci95_low": 0.5088766813278198,
      "ci95_high": 0.5735709071159363
    },
    "accuracy": {
      "mean": 0.4842373728752136,
      "ci95_low": 0.45629510283470154,
      "ci95_high": 0.5108259916305542
    },
    "f1": {
      "mean": 0.23173245787620544,
      "ci95_low": 0.19530262053012848,
      "ci95_high": 0.26745685935020447
    },
    "eer": {
      "mean": 0.4538267254829407,
      "ci95_low": 0.4274013638496399,
      "ci95_high": 0.4835623502731323
    }
  },
  "n_faces": 21601,
  "n_videos": 1247,
  "auc": 0.5425335432357904,
  "accuracy": 0.4843624699278268,
  "f1": 0.23178016726403824,
  "eer": 0.4554921903938758
}