{
  "exp_name": "exp2_ffpp_to_celebdf",
  "model_name": "efficientnet_b4",
  "primary_level": "video",
  "aggregation": "mean",
  "tta_n": 5,
  "ablation": "no_train_augmentation",
  "face_level": {
    "auc": 0.6591129113683474,
    "accuracy": 0.6335299073294018,
    "f1": 0.45828144458281445,
    "eer": 0.38831954433958343
  },
  "video_level": {
    "auc": 0.7037037037037037,
    "accuracy": 0.6511627906976745,
    "f1": 0.4444444444444444,
    "eer": 0.3718518518518519
  },
  "video_level_ci95": {
    "auc": {
      "mean": 0.7031815052032471,
      "ci95_low": 0.6129820346832275,
      "ci95_high": 0.788217306137085
    },
    "accuracy": {
      "mean": 0.6502325534820557,
      "ci95_low": 0.565891444683075,
      "ci95_high": 0.7286821603775024
    },
    "f1": {
      "mean": 0.44148510694503784,
      "ci95_low": 0.29842180013656616,
      "ci95_high": 0.5714285969734192
    },
    "eer": {
      "mean": 0.36966681480407715,
      "ci95_low": 0.2792397737503052,
      "ci95_high": 0.4581107199192047
    }
  },
  "n_faces": 1187,
  "n_videos": 129,
  "auc": 0.7037037037037037,
  "accuracy": 0.6511627906976745,
  "f1": 0.4444444444444444,
  "eer": 0.3718518518518519
}