{
  "exp_name": "exp3_celebdf_to_ffpp",
  "model_name": "efficientnet_b4",
  "primary_level": "video",
  "aggregation": "mean",
  "tta_n": 5,
  "ablation": "full",
  "face_level": {
    "auc": 0.5066623568310894,
    "accuracy": 0.5092356835331697,
    "f1": 0.3178688630075285,
    "eer": 0.49261685263222055
  },
  "video_level": {
    "auc": 0.5062379100300449,
    "accuracy": 0.49799518845228546,
    "f1": 0.2870159453302961,
    "eer": 0.48997690044038356
  },
  "video_level_ci95": {
    "auc": {
      "mean": 0.5064440965652466,
      "ci95_low": 0.4735332727432251,
      "ci95_high": 0.5377593040466309
    },
    "accuracy": {
      "mean": 0.4980368912220001,
      "ci95_low": 0.4715316891670227,
      "ci95_high": 0.5236567854881287
    },
    "f1": {
      "mean": 0.28720495104789734,
      "ci95_low": 0.2497054636478424,
      "ci95_high": 0.3247494697570801
    },
    "eer": {
      "mean": 0.4923831820487976,
      "ci95_low": 0.46353879570961,
      "ci95_high": 0.5220369100570679
    }
  },
  "n_faces": 21601,
  "n_videos": 1247,
  "auc": 0.5062379100300449,
  "accuracy": 0.49799518845228546,
  "f1": 0.2870159453302961,
  "eer": 0.48997690044038356
}