{
  "exp_name": "exp3_celebdf_to_ffpp",
  "model_name": "efficientnet_b4",
  "ablation": "full",
  "clean": {
    "auc": 0.5078276124624439,
    "accuracy": 0.5004009623095429,
    "f1": 0.32356134636264927,
    "eer": 0.4979948656212701
  },
  "corruptions": {
    "jpeg": {
      "label": "JPEG quality",
      "severities": {
        "90": {
          "auc": 0.5062121866897148,
          "accuracy": 0.5012028869286287,
          "f1": 0.35610766045548653,
          "eer": 0.49558973330040745
        },
        "70": {
          "auc": 0.5027318187430546,
          "accuracy": 0.4995990376904571,
          "f1": 0.3347547974413646,
          "eer": 0.5004012841091493
        },
        "50": {
          "auc": 0.5046636416018438,
          "accuracy": 0.5012028869286287,
          "f1": 0.3665987780040733,
          "eer": 0.49558973330040745
        },
        "30": {
          "auc": 0.5020012758776804,
          "accuracy": 0.5036086607858862,
          "f1": 0.39254170755642787,
          "eer": 0.5028064164300119
        },
        "10": {
          "auc": 0.5229452195744331,
          "accuracy": 0.5196471531676022,
          "f1": 0.44995408631772266,
          "eer": 0.48275893114376256
        }
      }
    },
    "blur": {
      "label": "Gaussian blur (sigma)",
      "severities": {
        "0.5": {
          "auc": 0.509435321233074,
          "accuracy": 0.504410585404972,
          "f1": 0.32532751091703055,
          "eer": 0.5012025661604314
        },
        "1.0": {
          "auc": 0.5062044696876158,
          "accuracy": 0.48997594226142743,
          "f1": 0.35496957403651114,
          "eer": 0.49238203276124626
        },
        "2.0": {
          "auc": 0.5079896695065235,
          "accuracy": 0.4963913392141139,
          "f1": 0.39264990328820115,
          "eer": 0.48275893114376256
        },
        "3.0": {
          "auc": 0.49482189159155454,
          "accuracy": 0.4963913392141139,
          "f1": 0.41527001862197394,
          "eer": 0.4843627814133432
        }
      }
    },
    "noise": {
      "label": "Gaussian noise (sigma)",
      "severities": {
        "5": {
          "auc": 0.508771659052558,
          "accuracy": 0.5052125100240578,
          "f1": 0.35257082896117525,
          "eer": 0.48917433222208506
        },
        "10": {
          "auc": 0.50506235337696,
          "accuracy": 0.5060144346431436,
          "f1": 0.4567901234567901,
          "eer": 0.5036076984812939
        },
        "20": {
          "auc": 0.46065615096513973,
          "accuracy": 0.47955092221331197,
          "f1": 0.6069049061175046,
          "eer": 0.5268641704737211
        },
        "40": {
          "auc": 0.45892497016092526,
          "accuracy": 0.49799518845228546,
          "f1": 0.6627155172413793,
          "eer": 0.5332795715520435
        }
      }
    },
    "downscale": {
      "label": "Downscale factor",
      "severities": {
        "0.75": {
          "auc": 0.5047871136354283,
          "accuracy": 0.49799518845228546,
          "f1": 0.354639175257732,
          "eer": 0.4979948656212701
        },
        "0.5": {
          "auc": 0.5053298761163929,
          "accuracy": 0.49238171611868486,
          "f1": 0.3560528992878942,
          "eer": 0.4931833148125283
        },
        "0.25": {
          "auc": 0.4910122648886694,
          "accuracy": 0.49398556535685645,
          "f1": 0.408622305529522,
          "eer": 0.49960000205786725
        }
      }
    }
  }
}