{
  "exp_name": "exp1_ffpp_to_ffpp",
  "model_name": "efficientnet_b4",
  "primary_level": "video",
  "aggregation": "max",
  "tta_n": 5,
  "ablation": "agg_max",
  "face_level": {
    "auc": 0.8758572094498481,
    "accuracy": 0.7709864603481624,
    "f1": 0.7180952380952381,
    "eer": 0.21200225385413865
  },
  "video_level": {
    "auc": 0.8610507246376812,
    "accuracy": 0.7583892617449665,
    "f1": 0.7692307692307693,
    "eer": 0.21494565217391304
  },
  "video_level_ci95": {
    "auc": {
      "mean": 0.8610675930976868,
      "ci95_low": 0.8024348020553589,
      "ci95_high": 0.9121613502502441
    },
    "accuracy": {
      "mean": 0.7593691349029541,
      "ci95_low": 0.6911073923110962,
      "ci95_high": 0.8255033493041992
    },
    "f1": {
      "mean": 0.7687941193580627,
      "ci95_low": 0.6882914304733276,
      "ci95_high": 0.8375084400177002
    },
    "eer": {
      "mean": 0.22025837004184723,
      "ci95_low": 0.15430496633052826,
      "ci95_high": 0.3017430603504181
    }
  },
  "n_faces": 2585,
  "n_videos": 149,
  "auc": 0.8610507246376812,
  "accuracy": 0.7583892617449665,
  "f1": 0.7692307692307693,
  "eer": 0.21494565217391304
}