{
  "exp_name": "exp2_ffpp_to_celebdf",
  "model_name": "efficientnet_b4",
  "primary_level": "video",
  "aggregation": "max",
  "tta_n": 5,
  "ablation": "agg_max",
  "face_level": {
    "auc": 0.7127489294474703,
    "accuracy": 0.6478517270429655,
    "f1": 0.6186131386861314,
    "eer": 0.3496311716388214
  },
  "video_level": {
    "auc": 0.6424691358024691,
    "accuracy": 0.5116279069767442,
    "f1": 0.5714285714285714,
    "eer": 0.412962962962963
  },
  "video_level_ci95": {
    "auc": {
      "mean": 0.6408359408378601,
      "ci95_low": 0.5458136796951294,
      "ci95_high": 0.7319788932800293
    },
    "accuracy": {
      "mean": 0.5115969181060791,
      "ci95_low": 0.4261627793312073,
      "ci95_high": 0.5968992114067078
    },
    "f1": {
      "mean": 0.569568932056427,
      "ci95_low": 0.46804964542388916,
      "ci95_high": 0.6666666865348816
    },
    "eer": {
      "mean": 0.39607611298561096,
      "ci95_low": 0.3099508583545685,
      "ci95_high": 0.4808344841003418
    }
  },
  "n_faces": 1187,
  "n_videos": 129,
  "auc": 0.6424691358024691,
  "accuracy": 0.5116279069767442,
  "f1": 0.5714285714285714,
  "eer": 0.412962962962963
}