{
  "exp_name": "exp4_mixed_to_dfd",
  "model_name": "efficientnet_b4",
  "primary_level": "video",
  "aggregation": "mean",
  "tta_n": 5,
  "ablation": "full",
  "face_level": {
    "auc": 0.7436369338627249,
    "accuracy": 0.67918528704022,
    "f1": 0.5993345497477729,
    "eer": 0.32339143968470885
  },
  "video_level": {
    "auc": 0.7875796178343949,
    "accuracy": 0.6876971608832808,
    "f1": 0.5975609756097561,
    "eer": 0.2713475318471338
  },
  "video_level_ci95": {
    "auc": {
      "mean": 0.7872382402420044,
      "ci95_low": 0.7527434229850769,
      "ci95_high": 0.819209635257721
    },
    "accuracy": {
      "mean": 0.686938464641571,
      "ci95_low": 0.6498422622680664,
      "ci95_high": 0.7208596467971802
    },
    "f1": {
      "mean": 0.5955228209495544,
      "ci95_low": 0.5430852174758911,
      "ci95_high": 0.6417750120162964
    },
    "eer": {
      "mean": 0.27802249789237976,
      "ci95_low": 0.23970846831798553,
      "ci95_high": 0.31706011295318604
    }
  },
  "n_faces": 11636,
  "n_videos": 634,
  "auc": 0.7875796178343949,
  "accuracy": 0.6876971608832808,
  "f1": 0.5975609756097561,
  "eer": 0.2713475318471338
}