{
  "exp_name": "exp4_mixed_to_dfd",
  "model_name": "efficientnet_b4",
  "ablation": "full",
  "clean": {
    "auc": 0.7934116242038216,
    "accuracy": 0.7271293375394322,
    "f1": 0.6717267552182163,
    "eer": 0.2744426751592357
  },
  "corruptions": {
    "jpeg": {
      "label": "JPEG quality",
      "severities": {
        "90": {
          "auc": 0.7961584394904458,
          "accuracy": 0.7271293375394322,
          "f1": 0.6825688073394496,
          "eer": 0.28546974522292995
        },
        "70": {
          "auc": 0.7617933917197452,
          "accuracy": 0.6624605678233438,
          "f1": 0.5286343612334802,
          "eer": 0.3012738853503185
        },
        "50": {
          "auc": 0.7547770700636944,
          "accuracy": 0.6324921135646687,
          "f1": 0.4439140811455847,
          "eer": 0.3012738853503185
        },
        "30": {
          "auc": 0.7500398089171975,
          "accuracy": 0.5867507886435331,
          "f1": 0.30687830687830686,
          "eer": 0.29968152866242037
        },
        "10": {
          "auc": 0.6922671178343949,
          "accuracy": 0.5504731861198738,
          "f1": 0.19263456090651557,
          "eer": 0.3611863057324841
        }
      }
    },
    "blur": {
      "label": "Gaussian blur (sigma)",
      "severities": {
        "0.5": {
          "auc": 0.7917396496815285,
          "accuracy": 0.7302839116719243,
          "f1": 0.6779661016949152,
          "eer": 0.2712878184713376
        },
        "1.0": {
          "auc": 0.770969347133758,
          "accuracy": 0.7113564668769716,
          "f1": 0.7188940092165899,
          "eer": 0.28706210191082804
        },
        "2.0": {
          "auc": 0.6793391719745223,
          "accuracy": 0.5851735015772871,
          "f1": 0.6708385481852316,
          "eer": 0.36593351910828026
        },
        "3.0": {
          "auc": 0.5888833598726114,
          "accuracy": 0.5441640378548895,
          "f1": 0.6538922155688622,
          "eer": 0.43693272292993635
        }
      }
    },
    "noise": {
      "label": "Gaussian noise (sigma)",
      "severities": {
        "5": {
          "auc": 0.7796576433121021,
          "accuracy": 0.7003154574132492,
          "f1": 0.7058823529411765,
          "eer": 0.3012738853503185
        },
        "10": {
          "auc": 0.6799462579617834,
          "accuracy": 0.5993690851735016,
          "f1": 0.4200913242009132,
          "eer": 0.35172173566878984
        },
        "20": {
          "auc": 0.48896297770700636,
          "accuracy": 0.47791798107255523,
          "f1": 0.19464720194647203,
          "eer": 0.5063097133757961
        },
        "40": {
          "auc": 0.5033339968152866,
          "accuracy": 0.5220820189274448,
          "f1": 0.3511777301927195,
          "eer": 0.49684514331210194
        }
      }
    },
    "downscale": {
      "label": "Downscale factor",
      "severities": {
        "0.75": {
          "auc": 0.7852308917197451,
          "accuracy": 0.7287066246056783,
          "f1": 0.7225806451612903,
          "eer": 0.27759753184713376
        },
        "0.5": {
          "auc": 0.7493829617834395,
          "accuracy": 0.6703470031545742,
          "f1": 0.6921944035346097,
          "eer": 0.31548566878980894
        },
        "0.25": {
          "auc": 0.6480095541401274,
          "accuracy": 0.5646687697160884,
          "f1": 0.6506329113924051,
          "eer": 0.3864251592356688
        }
      }
    }
  }
}