{
  "exp_name": "exp2_ffpp_to_celebdf",
  "model_name": "resnet50",
  "primary_level": "video",
  "aggregation": "mean",
  "tta_n": 5,
  "ablation": "full",
  "face_level": {
    "auc": 0.8075514785800406,
    "accuracy": 0.7430497051390059,
    "f1": 0.6702702702702703,
    "eer": 0.2761060396386551
  },
  "video_level": {
    "auc": 0.7992592592592592,
    "accuracy": 0.7441860465116279,
    "f1": 0.6796116504854369,
    "eer": 0.22703703703703704
  },
  "video_level_ci95": {
    "auc": {
      "mean": 0.7999181151390076,
      "ci95_low": 0.72004634141922,
      "ci95_high": 0.8737207055091858
    },
    "accuracy": {
      "mean": 0.7444263100624084,
      "ci95_low": 0.6744186282157898,
      "ci95_high": 0.8139534592628479
    },
    "f1": {
      "mean": 0.6783017516136169,
      "ci95_low": 0.568415105342865,
      "ci95_high": 0.774193525314331
    },
    "eer": {
      "mean": 0.2524813413619995,
      "ci95_low": 0.16382919251918793,
      "ci95_high": 0.3637867867946625
    }
  },
  "n_faces": 1187,
  "n_videos": 129,
  "auc": 0.7992592592592592,
  "accuracy": 0.7441860465116279,
  "f1": 0.6796116504854369,
  "eer": 0.22703703703703704
}