{
  "exp_name": "exp1_ffpp_to_ffpp",
  "model_name": "efficientnet_b4",
  "primary_level": "video",
  "aggregation": "mean",
  "tta_n": 5,
  "ablation": "no_label_smoothing",
  "face_level": {
    "auc": 0.8779780069009264,
    "accuracy": 0.7725338491295938,
    "f1": 0.7215909090909091,
    "eer": 0.20812018232670793
  },
  "video_level": {
    "auc": 0.8980072463768116,
    "accuracy": 0.7986577181208053,
    "f1": 0.7413793103448276,
    "eer": 0.20144927536231885
  },
  "video_level_ci95": {
    "auc": {
      "mean": 0.8982866406440735,
      "ci95_low": 0.8466647863388062,
      "ci95_high": 0.9436047673225403
    },
    "accuracy": {
      "mean": 0.7985906004905701,
      "ci95_low": 0.7382550239562988,
      "ci95_high": 0.8590604066848755
    },
    "f1": {
      "mean": 0.7396696209907532,
      "ci95_low": 0.6457425355911255,
      "ci95_high": 0.8261114358901978
    },
    "eer": {
      "mean": 0.19662337005138397,
      "ci95_low": 0.12813392281532288,
      "ci95_high": 0.26182934641838074
    }
  },
  "n_faces": 2585,
  "n_videos": 149,
  "auc": 0.8980072463768116,
  "accuracy": 0.7986577181208053,
  "f1": 0.7413793103448276,
  "eer": 0.20144927536231885
}