{
  "exp_name": "exp3_celebdf_to_ffpp",
  "model_name": "efficientnet_b4",
  "primary_level": "video",
  "aggregation": "topk",
  "tta_n": 5,
  "ablation": "agg_topk",
  "face_level": {
    "auc": 0.5063475679707458,
    "accuracy": 0.5093282718392667,
    "f1": 0.3174705389915642,
    "eer": 0.4910419562313321
  },
  "video_level": {
    "auc": 0.4969620735070173,
    "accuracy": 0.5020048115477145,
    "f1": 0.4660361134995701,
    "eer": 0.5132320862657941
  },
  "video_level_ci95": {
    "auc": {
      "mean": 0.49733927845954895,
      "ci95_low": 0.46528446674346924,
      "ci95_high": 0.5275840163230896
    },
    "accuracy": {
      "mean": 0.5018933415412903,
      "ci95_low": 0.4747393727302551,
      "ci95_high": 0.5292702317237854
    },
    "f1": {
      "mean": 0.46594947576522827,
      "ci95_low": 0.42979711294174194,
      "ci95_high": 0.5004375576972961
    },
    "eer": {
      "mean": 0.5115683674812317,
      "ci95_low": 0.48279517889022827,
      "ci95_high": 0.5412843227386475
    }
  },
  "n_faces": 21601,
  "n_videos": 1247,
  "auc": 0.4969620735070173,
  "accuracy": 0.5020048115477145,
  "f1": 0.4660361134995701,
  "eer": 0.5132320862657941
}