{
  "exp_name": "exp3_celebdf_to_ffpp",
  "model_name": "resnet50",
  "primary_level": "video",
  "aggregation": "mean",
  "tta_n": 5,
  "ablation": "full",
  "face_level": {
    "auc": 0.5884808017436692,
    "accuracy": 0.5295125225683996,
    "f1": 0.15834368530020704,
    "eer": 0.44418992374749255
  },
  "video_level": {
    "auc": 0.5887635304770137,
    "accuracy": 0.5164394546912591,
    "f1": 0.1518987341772152,
    "eer": 0.4450690928921266
  },
  "video_level_ci95": {
    "auc": {
      "mean": 0.5885865688323975,
      "ci95_low": 0.5567752718925476,
      "ci95_high": 0.6193995475769043
    },
    "accuracy": {
      "mean": 0.5165549516677856,
      "ci95_low": 0.489955872297287,
      "ci95_high": 0.5412991046905518
    },
    "f1": {
      "mean": 0.15181396901607513,
      "ci95_low": 0.11747469753026962,
      "ci95_high": 0.18820306658744812
    },
    "eer": {
      "mean": 0.447393000125885,
      "ci95_low": 0.4210073947906494,
      "ci95_high": 0.4731358289718628
    }
  },
  "n_faces": 21601,
  "n_videos": 1247,
  "auc": 0.5887635304770137,
  "accuracy": 0.5164394546912591,
  "f1": 0.1518987341772152,
  "eer": 0.4450690928921266
}