{
  "exp_name": "exp2_ffpp_to_celebdf",
  "model_name": "vit_base_patch16_224",
  "primary_level": "video",
  "aggregation": "mean",
  "tta_n": 5,
  "ablation": "full",
  "face_level": {
    "auc": 0.7098713555184681,
    "accuracy": 0.6503791069924179,
    "f1": 0.5820745216515609,
    "eer": 0.3471723158976308
  },
  "video_level": {
    "auc": 0.6679012345679012,
    "accuracy": 0.6589147286821705,
    "f1": 0.5686274509803921,
    "eer": 0.3718518518518519
  },
  "video_level_ci95": {
    "auc": {
      "mean": 0.6668276190757751,
      "ci95_low": 0.5677210688591003,
      "ci95_high": 0.7604021430015564
    },
    "accuracy": {
      "mean": 0.6565659046173096,
      "ci95_low": 0.5736433863639832,
      "ci95_high": 0.7364341020584106
    },
    "f1": {
      "mean": 0.5641602277755737,
      "ci95_low": 0.44680336117744446,
      "ci95_high": 0.6729064583778381
    },
    "eer": {
      "mean": 0.3766695559024811,
      "ci95_low": 0.28692492842674255,
      "ci95_high": 0.4652211368083954
    }
  },
  "n_faces": 1187,
  "n_videos": 129,
  "auc": 0.6679012345679012,
  "accuracy": 0.6589147286821705,
  "f1": 0.5686274509803921,
  "eer": 0.3718518518518519
}