{
  "exp_name": "exp1_ffpp_to_ffpp",
  "model_name": "resnet50",
  "primary_level": "video",
  "aggregation": "mean",
  "tta_n": 5,
  "ablation": "full",
  "face_level": {
    "auc": 0.9102353931990312,
    "accuracy": 0.8305609284332689,
    "f1": 0.7992667277726856,
    "eer": 0.1717206181999923
  },
  "video_level": {
    "auc": 0.9239130434782609,
    "accuracy": 0.8590604026845637,
    "f1": 0.8346456692913385,
    "eer": 0.17445652173913043
  },
  "video_level_ci95": {
    "auc": {
      "mean": 0.9246639609336853,
      "ci95_low": 0.8773548603057861,
      "ci95_high": 0.9655879735946655
    },
    "accuracy": {
      "mean": 0.8597651124000549,
      "ci95_low": 0.7986577153205872,
      "ci95_high": 0.9194630980491638
    },
    "f1": {
      "mean": 0.8342053890228271,
      "ci95_low": 0.7572684288024902,
      "ci95_high": 0.9037197828292847
    },
    "eer": {
      "mean": 0.1634867638349533,
      "ci95_low": 0.10062931478023529,
      "ci95_high": 0.2348594069480896
    }
  },
  "n_faces": 2585,
  "n_videos": 149,
  "auc": 0.9239130434782609,
  "accuracy": 0.8590604026845637,
  "f1": 0.8346456692913385,
  "eer": 0.17445652173913043
}