{
  "exp_name": "exp4_mixed_to_dfd",
  "model_name": "efficientnet_b4",
  "primary_level": "video",
  "aggregation": "mean",
  "tta_n": 1,
  "ablation": "no_tta",
  "face_level": {
    "auc": 0.7389532369537254,
    "accuracy": 0.6782399449982812,
    "f1": 0.613941018766756,
    "eer": 0.32536786884163094
  },
  "video_level": {
    "auc": 0.7938097133757962,
    "accuracy": 0.7255520504731862,
    "f1": 0.6692015209125475,
    "eer": 0.2744426751592357
  },
  "video_level_ci95": {
    "auc": {
      "mean": 0.7935439348220825,
      "ci95_low": 0.7571863532066345,
      "ci95_high": 0.8267099857330322
    },
    "accuracy": {
      "mean": 0.7250536680221558,
      "ci95_low": 0.6892744302749634,
      "ci95_high": 0.7586750984191895
    },
    "f1": {
      "mean": 0.6677364706993103,
      "ci95_low": 0.6216728091239929,
      "ci95_high": 0.7121289372444153
    },
    "eer": {
      "mean": 0.2740161716938019,
      "ci95_low": 0.23818804323673248,
      "ci95_high": 0.31072798371315
    }
  },
  "n_faces": 11636,
  "n_videos": 634,
  "auc": 0.7938097133757962,
  "accuracy": 0.7255520504731862,
  "f1": 0.6692015209125475,
  "eer": 0.2744426751592357
}