{
  "exp_name": "exp1_ffpp_to_ffpp",
  "model_name": "efficientnet_b4",
  "primary_level": "video",
  "aggregation": "median",
  "tta_n": 5,
  "ablation": "agg_median",
  "face_level": {
    "auc": 0.8764176694475414,
    "accuracy": 0.7752417794970986,
    "f1": 0.7245139876718824,
    "eer": 0.2135550824651109
  },
  "video_level": {
    "auc": 0.8992753623188405,
    "accuracy": 0.7919463087248322,
    "f1": 0.7350427350427351,
    "eer": 0.21494565217391304
  },
  "video_level_ci95": {
    "auc": {
      "mean": 0.8996423482894897,
      "ci95_low": 0.8514207601547241,
      "ci95_high": 0.94276362657547
    },
    "accuracy": {
      "mean": 0.7923489809036255,
      "ci95_low": 0.7315436005592346,
      "ci95_high": 0.8523489832878113
    },
    "f1": {
      "mean": 0.7337269186973572,
      "ci95_low": 0.6379310488700867,
      "ci95_high": 0.8196721076965332
    },
    "eer": {
      "mean": 0.20221561193466187,
      "ci95_low": 0.1398860365152359,
      "ci95_high": 0.27054858207702637
    }
  },
  "n_faces": 2585,
  "n_videos": 149,
  "auc": 0.8992753623188405,
  "accuracy": 0.7919463087248322,
  "f1": 0.7350427350427351,
  "eer": 0.21494565217391304
}