{
  "exp_name": "exp2_ffpp_to_celebdf",
  "model_name": "efficientnet_b4",
  "primary_level": "video",
  "aggregation": "median",
  "tta_n": 5,
  "ablation": "agg_median",
  "face_level": {
    "auc": 0.7123465442386159,
    "accuracy": 0.645324347093513,
    "f1": 0.6148215919487648,
    "eer": 0.3513936485499284
  },
  "video_level": {
    "auc": 0.6996296296296296,
    "accuracy": 0.6356589147286822,
    "f1": 0.6115702479338843,
    "eer": 0.33333333333333337
  },
  "video_level_ci95": {
    "auc": {
      "mean": 0.700151264667511,
      "ci95_low": 0.6125004887580872,
      "ci95_high": 0.7875586152076721
    },
    "accuracy": {
      "mean": 0.6353565454483032,
      "ci95_low": 0.5503876209259033,
      "ci95_high": 0.7209302186965942
    },
    "f1": {
      "mean": 0.609418511390686,
      "ci95_low": 0.5,
      "ci95_high": 0.7079820036888123
    },
    "eer": {
      "mean": 0.34765949845314026,
      "ci95_low": 0.2633242905139923,
      "ci95_high": 0.4345530867576599
    }
  },
  "n_faces": 1187,
  "n_videos": 129,
  "auc": 0.6996296296296296,
  "accuracy": 0.6356589147286822,
  "f1": 0.6115702479338843,
  "eer": 0.33333333333333337
}