{
  "exp_name": "exp4_mixed_to_dfd",
  "model_name": "efficientnet_b4",
  "primary_level": "video",
  "aggregation": "mean",
  "tta_n": 5,
  "ablation": "no_train_augmentation",
  "face_level": {
    "auc": 0.5912715354576643,
    "accuracy": 0.5702131316603644,
    "f1": 0.5275389702409069,
    "eer": 0.4320266395572941
  },
  "video_level": {
    "auc": 0.6193570859872612,
    "accuracy": 0.5851735015772871,
    "f1": 0.5328596802841918,
    "eer": 0.4353403662420382
  },
  "video_level_ci95": {
    "auc": {
      "mean": 0.6192578077316284,
      "ci95_low": 0.5752902626991272,
      "ci95_high": 0.6591106057167053
    },
    "accuracy": {
      "mean": 0.5850284695625305,
      "ci95_low": 0.5473186373710632,
      "ci95_high": 0.6230678558349609
    },
    "f1": {
      "mean": 0.532037615776062,
      "ci95_low": 0.47999998927116394,
      "ci95_high": 0.5782515406608582
    },
    "eer": {
      "mean": 0.43120434880256653,
      "ci95_low": 0.3927614986896515,
      "ci95_high": 0.47002124786376953
    }
  },
  "n_faces": 11636,
  "n_videos": 634,
  "auc": 0.6193570859872612,
  "accuracy": 0.5851735015772871,
  "f1": 0.5328596802841918,
  "eer": 0.4353403662420382
}