{
  "exp_name": "exp2_ffpp_to_celebdf",
  "model_name": "efficientnet_b4",
  "primary_level": "video",
  "aggregation": "mean",
  "tta_n": 5,
  "ablation": "no_progressive_unfreeze",
  "face_level": {
    "auc": 0.8084987913595572,
    "accuracy": 0.7000842459983151,
    "f1": 0.677536231884058,
    "eer": 0.2680330935849998
  },
  "video_level": {
    "auc": 0.811604938271605,
    "accuracy": 0.751937984496124,
    "f1": 0.7377049180327869,
    "eer": 0.2588888888888889
  },
  "video_level_ci95": {
    "auc": {
      "mean": 0.810894787311554,
      "ci95_low": 0.7233921885490417,
      "ci95_high": 0.889480710029602
    },
    "accuracy": {
      "mean": 0.7534729242324829,
      "ci95_low": 0.6744186282157898,
      "ci95_high": 0.8294573426246643
    },
    "f1": {
      "mean": 0.7376768589019775,
      "ci95_low": 0.6434627175331116,
      "ci95_high": 0.8281536102294922
    },
    "eer": {
      "mean": 0.2374243587255478,
      "ci95_low": 0.15533092617988586,
      "ci95_high": 0.31836357712745667
    }
  },
  "n_faces": 1187,
  "n_videos": 129,
  "auc": 0.811604938271605,
  "accuracy": 0.751937984496124,
  "f1": 0.7377049180327869,
  "eer": 0.2588888888888889
}