{
  "exp_name": "exp3_celebdf_to_ffpp",
  "model_name": "vit_base_patch16_224",
  "primary_level": "video",
  "aggregation": "mean",
  "tta_n": 5,
  "ablation": "full",
  "face_level": {
    "auc": 0.5824373308169095,
    "accuracy": 0.5377991759640758,
    "f1": 0.17446667769141724,
    "eer": 0.4433583637631948
  },
  "video_level": {
    "auc": 0.5881333086389267,
    "accuracy": 0.5284683239775461,
    "f1": 0.1671388101983003,
    "eer": 0.44426652467382804
  },
  "video_level_ci95": {
    "auc": {
      "mean": 0.588361382484436,
      "ci95_low": 0.5571111440658569,
      "ci95_high": 0.6206660866737366
    },
    "accuracy": {
      "mean": 0.5284330248832703,
      "ci95_low": 0.5035886168479919,
      "ci95_high": 0.5549318194389343
    },
    "f1": {
      "mean": 0.1670837104320526,
      "ci95_low": 0.13054431974887848,
      "ci95_high": 0.2070012390613556
    },
    "eer": {
      "mean": 0.4436173439025879,
      "ci95_low": 0.41537728905677795,
      "ci95_high": 0.4707149863243103
    }
  },
  "n_faces": 21601,
  "n_videos": 1247,
  "auc": 0.5881333086389267,
  "accuracy": 0.5284683239775461,
  "f1": 0.1671388101983003,
  "eer": 0.44426652467382804
}