{
  "exp_name": "exp1_ffpp_to_ffpp",
  "model_name": "efficientnet_b4",
  "primary_level": "video",
  "aggregation": "mean",
  "tta_n": 5,
  "ablation": "no_train_augmentation",
  "face_level": {
    "auc": 0.8525185258160011,
    "accuracy": 0.7411992263056093,
    "f1": 0.6653326663331666,
    "eer": 0.22940264455422704
  },
  "video_level": {
    "auc": 0.8876811594202899,
    "accuracy": 0.7449664429530202,
    "f1": 0.6481481481481481,
    "eer": 0.22744565217391302
  },
  "video_level_ci95": {
    "auc": {
      "mean": 0.8880407810211182,
      "ci95_low": 0.8302082419395447,
      "ci95_high": 0.9369055032730103
    },
    "accuracy": {
      "mean": 0.7442617416381836,
      "ci95_low": 0.6711409687995911,
      "ci95_high": 0.8120805621147156
    },
    "f1": {
      "mean": 0.6457161903381348,
      "ci95_low": 0.5293948650360107,
      "ci95_high": 0.7451621890068054
    },
    "eer": {
      "mean": 0.21077102422714233,
      "ci95_low": 0.14641888439655304,
      "ci95_high": 0.28852584958076477
    }
  },
  "n_faces": 2585,
  "n_videos": 149,
  "auc": 0.8876811594202899,
  "accuracy": 0.7449664429530202,
  "f1": 0.6481481481481481,
  "eer": 0.22744565217391302
}