{
  "exp_name": "exp1_ffpp_to_ffpp",
  "model_name": "vit_base_patch16_224",
  "primary_level": "video",
  "aggregation": "mean",
  "tta_n": 5,
  "ablation": "full",
  "face_level": {
    "auc": 0.8388731570297181,
    "accuracy": 0.7659574468085106,
    "f1": 0.7584830339321357,
    "eer": 0.2328735318711314
  },
  "video_level": {
    "auc": 0.867391304347826,
    "accuracy": 0.7651006711409396,
    "f1": 0.7586206896551724,
    "eer": 0.20244565217391303
  },
  "video_level_ci95": {
    "auc": {
      "mean": 0.8664444088935852,
      "ci95_low": 0.8021519184112549,
      "ci95_high": 0.9256571531295776
    },
    "accuracy": {
      "mean": 0.7645502686500549,
      "ci95_low": 0.6912751793861389,
      "ci95_high": 0.8255033493041992
    },
    "f1": {
      "mean": 0.756639301776886,
      "ci95_low": 0.6764602065086365,
      "ci95_high": 0.8292848467826843
    },
    "eer": {
      "mean": 0.2160521149635315,
      "ci95_low": 0.14098960161209106,
      "ci95_high": 0.2886493504047394
    }
  },
  "n_faces": 2585,
  "n_videos": 149,
  "auc": 0.867391304347826,
  "accuracy": 0.7651006711409396,
  "f1": 0.7586206896551724,
  "eer": 0.20244565217391303
}