{
  "exp_name": "exp1_ffpp_to_ffpp",
  "model_name": "efficientnet_b4",
  "primary_level": "video",
  "aggregation": "mean",
  "tta_n": 5,
  "ablation": "full",
  "face_level": {
    "auc": 0.8756181279074237,
    "accuracy": 0.7713733075435203,
    "f1": 0.7192399049881235,
    "eer": 0.21122583954865248
  },
  "video_level": {
    "auc": 0.8996376811594202,
    "accuracy": 0.7986577181208053,
    "f1": 0.7413793103448276,
    "eer": 0.19420289855072462
  },
  "video_level_ci95": {
    "auc": {
      "mean": 0.8998240828514099,
      "ci95_low": 0.8481571674346924,
      "ci95_high": 0.9435594081878662
    },
    "accuracy": {
      "mean": 0.7985906004905701,
      "ci95_low": 0.7382550239562988,
      "ci95_high": 0.8590604066848755
    },
    "f1": {
      "mean": 0.7396696209907532,
      "ci95_low": 0.6457425355911255,
      "ci95_high": 0.8261114358901978
    },
    "eer": {
      "mean": 0.19551867246627808,
      "ci95_low": 0.12813392281532288,
      "ci95_high": 0.26182934641838074
    }
  },
  "n_faces": 2585,
  "n_videos": 149,
  "auc": 0.8996376811594202,
  "accuracy": 0.7986577181208053,
  "f1": 0.7413793103448276,
  "eer": 0.19420289855072462
}