{
  "exp_name": "exp1_ffpp_to_ffpp",
  "model_name": "efficientnet_b4",
  "ablation": "full",
  "clean": {
    "auc": 0.8896739130434782,
    "accuracy": 0.8120805369127517,
    "f1": 0.7666666666666667,
    "eer": 0.20144927536231885
  },
  "corruptions": {
    "jpeg": {
      "label": "JPEG quality",
      "severities": {
        "90": {
          "auc": 0.8911231884057972,
          "accuracy": 0.8053691275167785,
          "f1": 0.7603305785123967,
          "eer": 0.21494565217391304
        },
        "70": {
          "auc": 0.8695652173913043,
          "accuracy": 0.7449664429530202,
          "f1": 0.6274509803921569,
          "eer": 0.24818840579710144
        },
        "50": {
          "auc": 0.843840579710145,
          "accuracy": 0.7114093959731543,
          "f1": 0.5473684210526316,
          "eer": 0.26268115942028986
        },
        "30": {
          "auc": 0.8045289855072464,
          "accuracy": 0.6375838926174496,
          "f1": 0.37209302325581395,
          "eer": 0.27518115942028987
        },
        "10": {
          "auc": 0.733695652173913,
          "accuracy": 0.5704697986577181,
          "f1": 0.13513513513513514,
          "eer": 0.3354166666666667
        }
      }
    },
    "blur": {
      "label": "Gaussian blur (sigma)",
      "severities": {
        "0.5": {
          "auc": 0.8905797101449275,
          "accuracy": 0.8053691275167785,
          "f1": 0.7603305785123967,
          "eer": 0.19420289855072462
        },
        "1.0": {
          "auc": 0.8744565217391305,
          "accuracy": 0.7986577181208053,
          "f1": 0.7887323943661971,
          "eer": 0.20144927536231885
        },
        "2.0": {
          "auc": 0.7989130434782609,
          "accuracy": 0.6308724832214765,
          "f1": 0.6927374301675978,
          "eer": 0.22219202898550727
        },
        "3.0": {
          "auc": 0.740036231884058,
          "accuracy": 0.5771812080536913,
          "f1": 0.6865671641791045,
          "eer": 0.3021739130434783
        }
      }
    },
    "noise": {
      "label": "Gaussian noise (sigma)",
      "severities": {
        "5": {
          "auc": 0.8617753623188406,
          "accuracy": 0.7583892617449665,
          "f1": 0.7428571428571429,
          "eer": 0.22744565217391302
        },
        "10": {
          "auc": 0.7563405797101449,
          "accuracy": 0.6375838926174496,
          "f1": 0.4,
          "eer": 0.3354166666666667
        },
        "20": {
          "auc": 0.4759057971014493,
          "accuracy": 0.5100671140939598,
          "f1": 0.4251968503937008,
          "eer": 0.5296195652173913
        },
        "40": {
          "auc": 0.521376811594203,
          "accuracy": 0.4899328859060403,
          "f1": 0.6448598130841121,
          "eer": 0.4568840579710145
        }
      }
    },
    "downscale": {
      "label": "Downscale factor",
      "severities": {
        "0.75": {
          "auc": 0.873913043478261,
          "accuracy": 0.7986577181208053,
          "f1": 0.782608695652174,
          "eer": 0.20144927536231885
        },
        "0.5": {
          "auc": 0.841304347826087,
          "accuracy": 0.7583892617449665,
          "f1": 0.7534246575342466,
          "eer": 0.22844202898550725
        },
        "0.25": {
          "auc": 0.7802536231884057,
          "accuracy": 0.610738255033557,
          "f1": 0.6914893617021277,
          "eer": 0.27518115942028987
        }
      }
    }
  }
}