{
  "exp_name": "exp3_celebdf_to_ffpp",
  "model_name": "efficientnet_b4",
  "primary_level": "video",
  "aggregation": "mean",
  "tta_n": 5,
  "ablation": "no_train_augmentation",
  "face_level": {
    "auc": 0.5148734016034757,
    "accuracy": 0.5143743345215499,
    "f1": 0.1418520942408377,
    "eer": 0.48470157189171315
  },
  "video_level": {
    "auc": 0.5177593941638885,
    "accuracy": 0.5020048115477145,
    "f1": 0.08,
    "eer": 0.4723332613079804
  },
  "video_level_ci95": {
    "auc": {
      "mean": 0.5182639360427856,
      "ci95_low": 0.48559632897377014,
      "ci95_high": 0.5499470829963684
    },
    "accuracy": {
      "mean": 0.5020850300788879,
      "ci95_low": 0.47554129362106323,
      "ci95_high": 0.5300721526145935
    },
    "f1": {
      "mean": 0.07999588549137115,
      "ci95_low": 0.05356745421886444,
      "ci95_high": 0.10795007646083832
    },
    "eer": {
      "mean": 0.47116270661354065,
      "ci95_low": 0.4426652491092682,
      "ci95_high": 0.50201815366745
    }
  },
  "n_faces": 21601,
  "n_videos": 1247,
  "auc": 0.5177593941638885,
  "accuracy": 0.5020048115477145,
  "f1": 0.08,
  "eer": 0.4723332613079804
}