{
  "exp_name": "exp3_celebdf_to_ffpp",
  "model_name": "efficientnet_b4",
  "primary_level": "video",
  "aggregation": "mean",
  "tta_n": 5,
  "ablation": "no_progressive_unfreeze",
  "face_level": {
    "auc": 0.542734941234981,
    "accuracy": 0.5255775195592797,
    "f1": 0.2222222222222222,
    "eer": 0.4682655310919821
  },
  "video_level": {
    "auc": 0.5464383462978969,
    "accuracy": 0.5116279069767442,
    "f1": 0.19973718791064388,
    "eer": 0.4562947586121744
  },
  "video_level_ci95": {
    "auc": {
      "mean": 0.5467027425765991,
      "ci95_low": 0.5153036713600159,
      "ci95_high": 0.5788925886154175
    },
    "accuracy": {
      "mean": 0.5117241740226746,
      "ci95_low": 0.48436248302459717,
      "ci95_high": 0.5380914211273193
    },
    "f1": {
      "mean": 0.19926683604717255,
      "ci95_low": 0.16392697393894196,
      "ci95_high": 0.23560026288032532
    },
    "eer": {
      "mean": 0.45706453919410706,
      "ci95_low": 0.42982804775238037,
      "ci95_high": 0.4867684841156006
    }
  },
  "n_faces": 21601,
  "n_videos": 1247,
  "auc": 0.5464383462978969,
  "accuracy": 0.5116279069767442,
  "f1": 0.19973718791064388,
  "eer": 0.4562947586121744
}